Titel,Notiz,URL,Kommentar
Spengler’s Weinstube,Restaurant von der Familie von Jonas Spengler,https://www.google.com/maps/place/Spengler%E2%80%99s+Weinstube/data=!4m2!3m1!1s0x47bb4724e187998b:0x1bbfa7e95b563b1,
"Parkplatz ""Am Krollbach"" (Sandfangteich)",,https://www.google.com/maps/place/Parkplatz+%22Am+Krollbach%22+(Sandfangteich)/data=!4m2!3m1!1s0x47ba49e133256675:0xa4d7f92822e8184a,
Edo Wonderland Nikko Edomura,,https://www.google.com/maps/place/Edo+Wonderland+Nikko+Edomura/data=!4m2!3m1!1s0x601f9f78c2896c65:0x183456bba94095a0,
Superfly Kassel,,https://www.google.com/maps/place/Superfly+Kassel/data=!4m2!3m1!1s0x47bb3f0ec369d75b:0x8c4b4feeae33f9c9,
Las Vegas,,https://www.google.com/maps/place/Las+Vegas/data=!4m2!3m1!1s0x80beb782a4f57dd1:0x3accd5e6d5b379a3,
Half Moon Bay,,https://www.google.com/maps/place/Half+Moon+Bay/data=!4m2!3m1!1s0x808f0ba50a19cb0b:0x5efd9cc835e79b54,
Rio de Janeiro,,https://www.google.com/maps/place/Rio+de+Janeiro/data=!4m2!3m1!1s0x9bde559108a05b:0x50dc426c672fd24e,
Pichanaki,,https://www.google.com/maps/place/Pichanaki/data=!4m2!3m1!1s0x910a2b7c44be2479:0x6d3e2a98c2641504,
Samaipata,,https://www.google.com/maps/place/Samaipata/data=!4m2!3m1!1s0x93f04383286942e1:0xa95409d6cc310526,
Santa Isabel,,https://www.google.com/maps/place/Santa+Isabel/data=!4m2!3m1!1s0x94ce81efe01073b5:0x5403da6106fb371b,
Solomon Islands,,https://www.google.com/maps/place/Solomon+Islands/data=!4m2!3m1!1s0x68d351e0555009d1:0xb44cc0a017442980,
Queensland,,https://www.google.com/maps/place/Queensland/data=!4m2!3m1!1s0x6bd4df247a62dcfd:0xf5f2d0227612be99,
اقامتگاه ماجرا,,https://www.google.com/maps/place/%D8%A7%D9%82%D8%A7%D9%85%D8%AA%DA%AF%D8%A7%D9%87+%D9%85%D8%A7%D8%AC%D8%B1%D8%A7%E2%80%AD/data=!4m2!3m1!1s0x3ef7658f7d376841:0xe6e566258f9593e8,
Fussballgolf Detmold,,https://www.google.com/maps/place/Fussballgolf+Detmold/data=!4m2!3m1!1s0x47ba44a7da52fc51:0x9d3eb5a8ccf9f8ed,
KitKatClub,,https://www.google.com/maps/place/KitKatClub/data=!4m2!3m1!1s0x47a84e25326bd085:0xdfc6268a626d40c7,
Flipper- und Arcademuseum Seligenstadt,,https://www.google.com/maps/place/Flipper-+und+Arcademuseum+Seligenstadt/data=!4m2!3m1!1s0x47bd3e2800d2b46d:0xb1159c9018585468,
Bled,,https://www.google.com/maps/place/Bled/data=!4m2!3m1!1s0x477a8e1dd7139961:0x400f81c823fec50,
Freiluftkino Friedrichshain,,https://www.google.com/maps/place/Freiluftkino+Friedrichshain/data=!4m2!3m1!1s0x47a84e13ac79fd67:0x667d6cf72e530935,
VEG'D - Amazing Vegan Burgers,,https://www.google.com/maps/place/VEG'D+-+Amazing+Vegan+Burgers/data=!4m2!3m1!1s0x47a84fd55914ca47:0xa90dd04e5754773c,
Berlin Story Bunker,,https://www.google.com/maps/place/Berlin+Story+Bunker/data=!4m2!3m1!1s0x47a851cd367d418b:0x335d9ae196d3fe8b,
East Moon 2,,https://www.google.com/maps/place/East+Moon+2/data=!4m2!3m1!1s0x47a84f370cad428d:0xdc163e7a8b86cda7,
Badeschiff | Freizeit Bad,,https://www.google.com/maps/place/Badeschiff+%7C+Freizeit+Bad/data=!4m2!3m1!1s0x47a84e55b3f927d9:0x1d3d804d4ffad2c8,
MUJI Berlin Hackescher Markt,,https://www.google.com/maps/place/MUJI+Berlin+Hackescher+Markt/data=!4m2!3m1!1s0x47a851e0e586ff29:0x624b7b624350666,
Indian Street Food,,https://www.google.com/maps/place/Indian+Street+Food/data=!4m2!3m1!1s0x47a851b31cc1f949:0xf320a6f3b1d3a7a3,
Open Air Kino Luna im Ravensberger Park,,https://www.google.com/maps/place/Open+Air+Kino+Luna+im+Ravensberger+Park/data=!4m2!3m1!1s0x47ba3d0e57279a9f:0xcf60c98fc32a9ddf,
Hangar II - Legenden am Himmel,,https://www.google.com/maps/place/Hangar+II+-+Legenden+am+Himmel/data=!4m2!3m1!1s0x47bbb673a9e999e7:0x57a169184e58ef6e,
Arminius Market Hall,,https://www.google.com/maps/place/Arminius+Market+Hall/data=!4m2!3m1!1s0x47a8510cc09b7e85:0xc5001a2083ab9b91,
Spreepark,,https://www.google.com/maps/place/Spreepark/data=!4m2!3m1!1s0x47a84f242540c3a3:0xcd9e29eb2b539c51,
Berlin Underworld,,https://www.google.com/maps/place/Berlin+Underworld/data=!4m2!3m1!1s0x47a85221d5b84b4f:0xc08d5a8b81204ba2,
Nikolaiviertel,,https://www.google.com/maps/place/Nikolaiviertel/data=!4m2!3m1!1s0x47a84f04c9d492f9:0x9f1cd6dbe4f9e244,
Gendarmenmarkt,,https://www.google.com/maps/place/Gendarmenmarkt/data=!4m2!3m1!1s0x47a851da6e329be1:0x69ed42f426573790,
Kaiser Wilhelm Memorial Church,,https://www.google.com/maps/place/Kaiser+Wilhelm+Memorial+Church/data=!4m2!3m1!1s0x47a850ff09fc6b77:0x1070dac9e29eb09c,
Museum Island,,https://www.google.com/maps/place/Museum+Island/data=!4m2!3m1!1s0x47a851df3c8bcac7:0x936c396c9e126807,
Prenzlauer Berg,,https://www.google.com/maps/place/Prenzlauer+Berg/data=!4m2!3m1!1s0x47a84e082e42658b:0x52120465b5fabf0,
Hackesche Höfe,,https://www.google.com/maps/place/Hackesche+H%C3%B6fe/data=!4m2!3m1!1s0x47a851e0dda724ef:0xf17c46edce450938,
Kurfürstendamm,,https://www.google.com/maps/place/Kurf%C3%BCrstendamm/data=!4m2!3m1!1s0x47a850e8a82af437:0xc9786de6c60b8170,
Unter den Linden,,https://www.google.com/maps/place/Unter+den+Linden/data=!4m2!3m1!1s0x47a851c4b08614df:0x6f592c283a8f1fe9,
Charlottenburg Palace,,https://www.google.com/maps/place/Charlottenburg+Palace/data=!4m2!3m1!1s0x47a85125754291f3:0x8bb8ae492a79fe1a,
Zoologischer Garten Berlin,,https://www.google.com/maps/place/Zoologischer+Garten+Berlin/data=!4m2!3m1!1s0x47a851aabdc86f69:0x8139eb3ae980ae7e,
Aquarium Berlin,,https://www.google.com/maps/place/Aquarium+Berlin/data=!4m2!3m1!1s0x47a851aabdc86f69:0x6f120666c75e07fe,
Nördliche Innenstadt,"Altstadt
Restaurants
Geschäfte (keine Ketten)",https://www.google.com/maps/place/N%C3%B6rdliche+Innenstadt/data=!4m2!3m1!1s0x47a8f5db3abcabeb:0xafe7a0167bb7e78e,
Orangerieschloss,,https://www.google.com/maps/place/Orangerieschloss/data=!4m2!3m1!1s0x47a8f42ee64a634b:0xf90d2d5210510826,
Botanischer Garten der Universität Potsdam,,https://www.google.com/maps/place/Botanischer+Garten+der+Universit%C3%A4t+Potsdam/data=!4m2!3m1!1s0x47a8f4256de1c9ed:0x2d7386d4d16e03f0,
Chinesisches Haus im Park Sanssouci,,https://www.google.com/maps/place/Chinesisches+Haus+im+Park+Sanssouci/data=!4m2!3m1!1s0x47a8f431f870886d:0x8ee358c747affe12,
Walchensee,,https://www.google.com/maps/place/Walchensee/data=!4m2!3m1!1s0x479da15ef447ed5f:0xa93f22530415411a,
Gemeinschaftspraxis Warburger Straße,,https://www.google.com/maps/place/Gemeinschaftspraxis+Warburger+Stra%C3%9Fe/data=!4m2!3m1!1s0x47ba4cc315858021:0x86ffe8a3b10179d1,
Gesetzte Markierung,Japan,"https://www.google.com/maps/search/37.513518,15.0861674",
Gesetzte Markierung,,"https://www.google.com/maps/search/37.5093054,15.085917",
Schieder-Schwalenberg,,https://www.google.com/maps/place/Schieder-Schwalenberg/data=!4m2!3m1!1s0x47baf669d2fb7699:0xc6cca5cefa897899,
DingFabrik Köln e.V.,,https://www.google.com/maps/place/DingFabrik+K%C3%B6ln+e.V./data=!4m2!3m1!1s0x47bf25dd4f1532f1:0x404b6c32c44a6b3b,
Bamberg,,https://www.google.com/maps/place/Bamberg/data=!4m2!3m1!1s0x47a2230538d4beb5:0x41db728f061d980,
Josefs Nahkauf Box,Test,https://www.google.com/maps/place/Josefs+Nahkauf+Box/data=!4m2!3m1!1s0x47a219c7610915b9:0x6c0d43e6ec4bde47,
Rhön Mountains,,https://www.google.com/maps/place/Rh%C3%B6n+Mountains/data=!4m2!3m1!1s0x47a315e2967297a9:0x629098a418834b27,
Hohensyburg,,https://www.google.com/maps/place/Hohensyburg/data=!4m2!3m1!1s0x47b93d0c9aa3e221:0x9161a4eb27150f0f,
Tiger & Turtle,,https://www.google.com/maps/place/Tiger+%26+Turtle/data=!4m2!3m1!1s0x47b8b8e2edbfce4b:0xca90d9ccf3f2dc50,
NATO Rampe,,https://www.google.com/maps/place/NATO+Rampe/data=!4m2!3m1!1s0x47b895e24372fbf7:0xaa79ee49bb35ada6,
Colliery Schlägel & Eisen,,https://www.google.com/maps/place/Colliery+Schl%C3%A4gel+%26+Eisen/data=!4m2!3m1!1s0x47b8e4e3bab12d17:0x67a015ead8edb44,
UNESCO-Welterbe Zollverein,,https://www.google.com/maps/place/UNESCO-Welterbe+Zollverein/data=!4m2!3m1!1s0x47b8e7eee0699f89:0x78f558bfb85b6c1a,
Andernach Geyser,,https://www.google.com/maps/place/Andernach+Geyser/data=!4m2!3m1!1s0x47be6003ae0fe53f:0xd3d4a125e5271b14,
Wadden Sea,,https://www.google.com/maps/place/Wadden+Sea/data=!4m2!3m1!1s0x47c8ffd38d1d14b1:0xce4fd6715fa7c038,
Triberg Waterfalls,,https://www.google.com/maps/place/Triberg+Waterfalls/data=!4m2!3m1!1s0x4790c2f5f1435c49:0xecc197b03ff8ef0,
Lange Anna,,https://www.google.com/maps/place/Lange+Anna/data=!4m2!3m1!1s0x47b5b6087840ef5f:0x2c2dbb135e16ca16,
Königsstuhl,,https://www.google.com/maps/place/K%C3%B6nigsstuhl/data=!4m2!3m1!1s0x47ab4825c001e807:0x334fdd6db94c51b0,
Lissabon,,https://www.google.com/maps/place/Lissabon/data=!4m2!3m1!1s0xd19331a61e4f33b:0x400ebbde49036d0,
Copenhagen,,https://www.google.com/maps/place/Copenhagen/data=!4m2!3m1!1s0x4652533c5c803d23:0x4dd7edde69467b8,
Mauritius,,https://www.google.com/maps/place/Mauritius/data=!4m2!3m1!1s0x217c504df94474c9:0x4203d9c2116bd031,
Öffentliche Badestelle,,https://www.google.com/maps/place/%C3%96ffentliche+Badestelle/data=!4m2!3m1!1s0x47adf9c4e8920ebf:0xc50d3101e7be1a95,
Thanon Khao San,,https://www.google.com/maps/place/Thanon+Khao+San/data=!4m2!3m1!1s0x30e29912cab71d0d:0x40b71c7b0079a776,
Natrup,,https://www.google.com/maps/place/Natrup/data=!4m2!3m1!1s0x47b9f2384826f139:0xa26cf79eb809f80,
Glücksburg Castle,,https://www.google.com/maps/place/Gl%C3%BCcksburg+Castle/data=!4m2!3m1!1s0x47b3415f6b614bc7:0x3f885bafdb438995,
Historic fishing village Holm,,https://www.google.com/maps/place/Historic+fishing+village+Holm/data=!4m2!3m1!1s0x47b30cb9a634bee9:0x7c22f32ddbe3834a,
Tokyo,,https://www.google.com/maps/place/Tokyo/data=!4m2!3m1!1s0x60188b857628235d:0xcdd8aef709a2b520,
Takayama,,https://www.google.com/maps/place/Takayama/data=!4m2!3m1!1s0x6002a342a14fc349:0xd4f2fb84f0b8e3dc,
Classic Village Viewpoint / Postcard Angle,,https://www.google.com/maps/place/Classic+Village+Viewpoint+%2F+Postcard+Angle/data=!4m2!3m1!1s0x47713612846fe77d:0xde080447d6d64c5d,
Hako-Zushi,,https://www.google.com/maps/place/Hako-Zushi/data=!4m2!3m1!1s0x47bf25da0b28870b:0xa36230fdb4e5ce37,
Kürbisparade Hof Ordelheide,,https://www.google.com/maps/place/K%C3%BCrbisparade+Hof+Ordelheide/data=!4m2!3m1!1s0x47ba212cabc6e1e9:0xf9a5f6860aef0f8f,
Drachen City,,https://www.google.com/maps/place/Drachen+City/data=!4m2!3m1!1s0x47bf25ae6837ae31:0xc479c143b16ace8c,
Fisch-Hof Sushi Bar seit 1996,,https://www.google.com/maps/place/Fisch-Hof+Sushi+Bar+seit+1996/data=!4m2!3m1!1s0x4171867da6ccafc9:0x5d7c5b3c4e19f39d,
Museum für Ostasiatische Kunst,,https://www.google.com/maps/place/Museum+f%C3%BCr+Ostasiatische+Kunst/data=!4m2!3m1!1s0x47bf251c361b998f:0xc368778c7e6e88af,
Claudius Therme,,https://www.google.com/maps/place/Claudius+Therme/data=!4m2!3m1!1s0x47bf25e9fa5f2ae9:0x367519ce3e78a5ec,
Asia Haus am Rheinauhafen,,https://www.google.com/maps/place/Asia+Haus+am+Rheinauhafen/data=!4m2!3m1!1s0x47bf25b483350887:0x1c5263c474742452,
Nittaya Traditionelle Thai Massage,,https://www.google.com/maps/place/Nittaya+Traditionelle+Thai+Massage/data=!4m2!3m1!1s0x47ba4c97c30ca83f:0xeb9cd867b6cc75cc,
Bornholm,,https://www.google.com/maps/place/Bornholm/data=!4m2!3m1!1s0x46550e79e64f7b07:0xf84b68b18fbadf12,
locker flockig - unverpacktes & café,,https://www.google.com/maps/place/locker+flockig+-+unverpacktes+%26+caf%C3%A9/data=!4m2!3m1!1s0x47ba4def7b5696bf:0x66f614fcff351d9b,
MOSO Sushi & Grill Restaurant,,https://www.google.com/maps/place/MOSO+Sushi+%26+Grill+Restaurant/data=!4m2!3m1!1s0x47ba4de974bbcdfd:0xa7272be014c97f58,
Potsdam,,https://www.google.com/maps/place/Potsdam/data=!4m2!3m1!1s0x47a8f5cd843ad6b7:0xc565f8980baaec9b,
Ansgar-Eck,,https://www.google.com/maps/place/Ansgar-Eck/data=!4m2!3m1!1s0x47ba4cbaa909af71:0x1c41784a2e4f6eb1,
The Peak Tram,,https://www.google.com/maps/place/The+Peak+Tram/data=!4m2!3m1!1s0x3404006590a6e171:0x5be33605edeb5045,
Sino Centre,,https://www.google.com/maps/place/Sino+Centre/data=!4m2!3m1!1s0x340400c71ed4c065:0xc9c0a3d38c826a2a,
CrossFit Paderborn,,https://www.google.com/maps/place/CrossFit+Paderborn/data=!4m2!3m1!1s0x47ba4ce7df313709:0x2208b250d2b082c5,
FreiWerk Paderborn e.V.,,https://www.google.com/maps/place/FreiWerk+Paderborn+e.V./data=!4m2!3m1!1s0x47ba4d973326642f:0xce3436f0b9b809a1,
Amalthea Lesetheater,,https://www.google.com/maps/place/Amalthea+Lesetheater/data=!4m2!3m1!1s0x47ba4cbd84f635e9:0x78c6c1fdbd677929,
Konfuzius-Institut Paderborn gGmbH,,https://www.google.com/maps/place/Konfuzius-Institut+Paderborn+gGmbH/data=!4m2!3m1!1s0x47ba4c961eca4305:0x4295990855722845,
Shaolin Chikung Schule Paderborn,,https://www.google.com/maps/place/Shaolin+Chikung+Schule+Paderborn/data=!4m2!3m1!1s0x47ba4cacf82017c5:0x41328a3360efcb6a,
Eisfabrik,,https://www.google.com/maps/place/Eisfabrik/data=!4m2!3m1!1s0x47ba4c62edf51a67:0xedd00ddf120a3a5a,
Kurs Haxterhöhe Links,,https://www.google.com/maps/place/Kurs+Haxterh%C3%B6he+Links/data=!4m2!3m1!1s0x47ba4cd144fa4a5b:0x646c2f98ade78f5,
Miss PeppeR Paderborn,,https://www.google.com/maps/place/Miss+PeppeR+Paderborn/data=!4m2!3m1!1s0x47bbb4a6dee15817:0x2beab4f416b41c26,
ADAC Trainingsanlage,,https://www.google.com/maps/place/ADAC+Trainingsanlage/data=!4m2!3m1!1s0x47bbb4a6a750f4bd:0xadbd98e40e032bea,
Kletterhalle XI. Grad,,https://www.google.com/maps/place/Kletterhalle+XI.+Grad/data=!4m2!3m1!1s0x47bbb388015ee5d1:0xe3add17ebdb63cc2,
Doha,,https://www.google.com/maps/place/Doha/data=!4m2!3m1!1s0x3e45c534ffdce87f:0x44d9319f78cfd4b1,
Katar,,https://www.google.com/maps/place/Katar/data=!4m2!3m1!1s0x3e45c534ffdce87f:0x1cfa88cf812b4032,
Abu Dhabi,,https://www.google.com/maps/place/Abu+Dhabi/data=!4m2!3m1!1s0x3e5e440f723ef2b9:0xc7cc2e9341971108,
Nessmersiel,,https://www.google.com/maps/place/Nessmersiel/data=!4m2!3m1!1s0x47b6128da65de24b:0xd86c91cebfd3b78a,
Fursten Forest,,https://www.google.com/maps/place/Fursten+Forest/data=!4m2!3m1!1s0x4165217edc805bb1:0x881e79a38a489aea,
Kaunertal,,https://www.google.com/maps/place/Kaunertal/data=!4m2!3m1!1s0x479cd546de988055:0xd91a230c688b9f1,
Schloss Kaltenberg,,https://www.google.com/maps/place/Schloss+Kaltenberg/data=!4m2!3m1!1s0x479c266a9bc78ccf:0x39431f3edab270f,
Höhle von Lascaux,,https://www.google.com/maps/place/H%C3%B6hle+von+Lascaux/data=!4m2!3m1!1s0x47ff54661315ceeb:0x13c61174a74ed6a6,
Da Silva Surfcamp Portugal,,https://www.google.com/maps/place/Da+Silva+Surfcamp+Portugal/data=!4m2!3m1!1s0xd1f365753d915c1:0x4941d065f98949c6,
Action Aquapark,,https://www.google.com/maps/place/Action+Aquapark/data=!4m2!3m1!1s0x40a69e48f361aa8f:0x2aeeb0792d64df72,
Moosheide,,https://www.google.com/maps/place/Moosheide/data=!4m2!3m1!1s0x47ba4817271f31dd:0xa08e72b5564b30a4,
Wolfsburger Weihnachtsmarkt,,https://www.google.com/maps/place/Wolfsburger+Weihnachtsmarkt/data=!4m2!3m1!1s0x47af93b5ad86504d:0xacbb77c5ee99768e,
Bergpark Wilhelmshöhe,,https://www.google.com/maps/place/Bergpark+Wilhelmsh%C3%B6he/data=!4m2!3m1!1s0x47bb3ff38619981b:0x568e0b631a40365c,
Campingplatz Seebrücke,,https://www.google.com/maps/place/Campingplatz+Seebr%C3%BCcke/data=!4m2!3m1!1s0x47bbbd59a453fed9:0xb28f2426f1769a16,
Wild- und Freizeitpark Willingen,,https://www.google.com/maps/place/Wild-+und+Freizeitpark+Willingen/data=!4m2!3m1!1s0x47bb96acf356e49b:0xb2a6411496e493ae,
MTB ZONE Bikepark Willingen,,https://www.google.com/maps/place/MTB+ZONE+Bikepark+Willingen/data=!4m2!3m1!1s0x47bb96ae6223ca6f:0x69d2df028d2aa951,
Nieder-Mooser See,,https://www.google.com/maps/place/Nieder-Mooser+See/data=!4m2!3m1!1s0x47bcd02acacbcd0b:0x99312c8173a1de9c,
Okinii Köln,,https://www.google.com/maps/place/Okinii+K%C3%B6ln/data=!4m2!3m1!1s0x47bf25b28470ac81:0x65cc3bb2e57ed70a,
Zugspitze,,https://www.google.com/maps/place/Zugspitze/data=!4m2!3m1!1s0x479d02ee5107876d:0x34e257ebca223d97,
Schmetterlingspfad Willebadessen,,https://www.google.com/maps/place/Schmetterlingspfad+Willebadessen/data=!4m2!3m1!1s0x47bb019d60675d9d:0xb80e351136d8253b,
Erholungsstätte Lörick,,https://www.google.com/maps/place/Erholungsst%C3%A4tte+L%C3%B6rick/data=!4m2!3m1!1s0x47b8b61aa147df7b:0xfcc19085deb53609,
Japanese Garden,,https://www.google.com/maps/place/Japanese+Garden/data=!4m2!3m1!1s0x47b8b6178b97bdb5:0xf4c28728cdd4724d,
Botanical Garden of the Heinrich Heine University Düsseldorf,,https://www.google.com/maps/place/Botanical+Garden+of+the+Heinrich+Heine+University+D%C3%BCsseldorf/data=!4m2!3m1!1s0x47b8cb0701bf9a99:0x37431fc028d090d5,
"Campingplatz ""Am Freesenbruch"" Zingst",,https://www.google.com/maps/place/Campingplatz+%22Am+Freesenbruch%22+Zingst/data=!4m2!3m1!1s0x47ac95c7d0016565:0xe5478a3d79eebf1a,
Floß / Hausboot mieten Tom Sawyer,,https://www.google.com/maps/place/Flo%C3%9F+%2F+Hausboot+mieten+Tom+Sawyer/data=!4m2!3m1!1s0x47a95ff82e087c7f:0xdab54dfbba87f096,
Zierker See,,https://www.google.com/maps/place/Zierker+See/data=!4m2!3m1!1s0x47a95f8d4e003413:0xa18f2f2f9018ee70,
Precise Resort Marina Wolfsbruch,,https://www.google.com/maps/place/Precise+Resort+Marina+Wolfsbruch/data=!4m2!3m1!1s0x47a94310626ff705:0x66529cd1e0750b25,
Wanderparkplatz Bauerkamp,,https://www.google.com/maps/place/Wanderparkplatz+Bauerkamp/data=!4m2!3m1!1s0x47ba504aa0a548a7:0x65437f26efefecb3,
Parkplatz im Stryck,,https://www.google.com/maps/place/Parkplatz+im+Stryck/data=!4m2!3m1!1s0x47bb91f54c1e539f:0x3725eeda4578424e,
Kume Island,,https://www.google.com/maps/place/Kume+Island/data=!4m2!3m1!1s0x34fa9b686d00c94d:0x597a394c514398c4,
Yap,,https://www.google.com/maps/place/Yap/data=!4m2!3m1!1s0x677102151db03a41:0xfc9e5841872ab79c,
Cook Islands,,https://www.google.com/maps/place/Cook+Islands/data=!4m2!3m1!1s0x71548aefb97bdedd:0x24ca50e8808b4d8,
1816 Maxwell Mountain Rd,,https://www.google.com/maps/place/1816+Maxwell+Mountain+Rd/data=!4m2!3m1!1s0x54eb2ee7bcaf622f:0x625ce91d5fc36c82,
Cape Meares Lighthouse,,https://www.google.com/maps/place/Cape+Meares+Lighthouse/data=!4m2!3m1!1s0x54eb2edc8864154f:0x675bcdefc594186c,
805 Garibaldi Ave,,https://www.google.com/maps/place/805+Garibaldi+Ave/data=!4m2!3m1!1s0x54eb32ba2c702917:0xe0a968623e9a5438,
Netarts,,https://www.google.com/maps/place/Netarts/data=!4m2!3m1!1s0x54eb2926e38f54ad:0x1703374677442d3d,
La Pine,,https://www.google.com/maps/place/La+Pine/data=!4m2!3m1!1s0x54b882ee605a1851:0x8d0493ec291fa151,
Rockaway Beach,,https://www.google.com/maps/place/Rockaway+Beach/data=!4m2!3m1!1s0x5494cca432cb3d05:0xe00261a220abd697,
"43°29'21.3""N 121°26'07.2""W",,"https://www.google.com/maps/search/43.489257,-121.43532",
Iquitos,,https://www.google.com/maps/place/Iquitos/data=!4m2!3m1!1s0x91ea10b0e440c1cb:0x9210b8d7040a6692,
Sommerrodelbahn & Sesselbahn / Skilifte Willingen,,https://www.google.com/maps/place/Sommerrodelbahn+%26+Sesselbahn+%2F+Skilifte+Willingen/data=!4m2!3m1!1s0x47bb941b67717505:0x6673489aeabcc917,
Poppenberg,,https://www.google.com/maps/place/Poppenberg/data=!4m2!3m1!1s0x47bb8d70d7aad583:0xe49cbcaeb58fb96e,
Khao Yai National Park,,https://www.google.com/maps/place/Khao+Yai+National+Park/data=!4m2!3m1!1s0x311c2a495f2143d7:0x14b500fc4f22bfc,
Barfußpfad Hoher Meißner,,https://www.google.com/maps/place/Barfu%C3%9Fpfad+Hoher+Mei%C3%9Fner/data=!4m2!3m1!1s0x47a4b4392f5ba233:0x168b17e404d99211,
Parkplatz Steinbeke,,https://www.google.com/maps/place/Parkplatz+Steinbeke/data=!4m2!3m1!1s0x47ba51fde5df7cff:0xfbd5086f5a907c90,
Wasserpark am Iberg,,https://www.google.com/maps/place/Wasserpark+am+Iberg/data=!4m2!3m1!1s0x47ba40b27dd519d3:0x49aecda742a39dea,
Märchenwald Altenberg,,https://www.google.com/maps/place/M%C3%A4rchenwald+Altenberg/data=!4m2!3m1!1s0x47bf2a09a13d9a5d:0xab6c1c44ad39ee98,
Pattaya City,,https://www.google.com/maps/place/Pattaya+City/data=!4m2!3m1!1s0x310295924d31d7e3:0xa97ff301a9bd10ff,
Rocket Beans Entertainment,,https://www.google.com/maps/place/Rocket+Beans+Entertainment/data=!4m2!3m1!1s0x47b18f5c8c8c6915:0xbc7e317ee40b4277,
Wakeboardanlage Kliemannsland,,https://www.google.com/maps/place/Wakeboardanlage+Kliemannsland/data=!4m2!3m1!1s0x47b10e736998617d:0x9f4f8b3e638da632,
Café im Kliemannsland,,https://www.google.com/maps/place/Caf%C3%A9+im+Kliemannsland/data=!4m2!3m1!1s0x47b07465ce2095e7:0xc09a7c23754b25a2,
Stølsheimen,,https://www.google.com/maps/place/St%C3%B8lsheimen/data=!4m2!3m1!1s0x463ded0e7a999cf7:0xe7435c80cb6c89da,
Treriksröset,,https://www.google.com/maps/place/Treriksr%C3%B6set/data=!4m2!3m1!1s0x45daaf37376e3d75:0x35cbf09316b8d2eb,
Daurskiy Gosudarstvennyy Prirodnyy Zapovednik,,https://www.google.com/maps/place/Daurskiy+Gosudarstvennyy+Prirodnyy+Zapovednik/data=!4m2!3m1!1s0x5dd03c35d1fe7ef3:0x7d1ff5e6d10bbaf9,
萬松院（万松院）,,https://www.google.com/maps/place/%E8%90%AC%E6%9D%BE%E9%99%A2%EF%BC%88%E4%B8%87%E6%9D%BE%E9%99%A2%EF%BC%89/data=!4m2!3m1!1s0x35697fd3d436217d:0x9a8251ad5016ca00,
Kosrae,,https://www.google.com/maps/place/Kosrae/data=!4m2!3m1!1s0x65c05c82d5cc3513:0x625bfffa08b576be,
Teufelsmauer Weddersleben,,https://www.google.com/maps/place/Teufelsmauer+Weddersleben/data=!4m2!3m1!1s0x47a5a381e3a9be6b:0x92d45f96a635fb06,
Blautopfhaus Schönhofer am Blautopf,,https://www.google.com/maps/place/Blautopfhaus+Sch%C3%B6nhofer+am+Blautopf/data=!4m2!3m1!1s0x47997bd6ffd97cf7:0xeb1cddf7f8c909d7,
Blautopf,,https://www.google.com/maps/place/Blautopf/data=!4m2!3m1!1s0x47997bd6f92dc16b:0x76eaab2c9bd3eb22,
Lüneburger Heide,,https://www.google.com/maps/place/L%C3%BCneburger+Heide/data=!4m2!3m1!1s0x47b1b9e2497f3c71:0x45833cf7fb105400,
Norden,,https://www.google.com/maps/place/Norden/data=!4m2!3m1!1s0x47b616cf1611760b:0x30d3944eaf28f098,
Juist,,https://www.google.com/maps/place/Juist/data=!4m2!3m1!1s0x47b61ce35c1d8ae3:0x426cf776300b5a0,
Brocken,,https://www.google.com/maps/place/Brocken/data=!4m2!3m1!1s0x47a513d8d55ab303:0x43f07740a7b9fdd,
Oslo,,https://www.google.com/maps/place/Oslo/data=!4m2!3m1!1s0x46416e61f267f039:0x7e92605fd3231e9a,
Malmö,,https://www.google.com/maps/place/Malm%C3%B6/data=!4m2!3m1!1s0x465305a574c491ff:0xd3a905dfbd4888e5,
Fehmarn,,https://www.google.com/maps/place/Fehmarn/data=!4m2!3m1!1s0x47ad6360917886c1:0x4248963c6582690,
St. Peter-Ording,,https://www.google.com/maps/place/St.+Peter-Ording/data=!4m2!3m1!1s0x47b465f127242de3:0x4248963c6582350,
Mecklenburger Großseenland,,https://www.google.com/maps/place/Mecklenburger+Gro%C3%9Fseenland/data=!4m2!3m1!1s0x47aeaad1130599d3:0x8052de57d171f426,
Tegernsee,,https://www.google.com/maps/place/Tegernsee/data=!4m2!3m1!1s0x479d8c219a91bd33:0x41d25a40937a060,
Befehlsbunker Ruhrallee,,https://www.google.com/maps/place/Befehlsbunker+Ruhrallee/data=!4m2!3m1!1s0x47b917624e55545f:0xf5f3792ba0a98424,
San Carlos,,https://www.google.com/maps/place/San+Carlos/data=!4m2!3m1!1s0x8f0ad0015e35d499:0xde83894150b76e03,
Corn Islands,,https://www.google.com/maps/place/Corn+Islands/data=!4m2!3m1!1s0x8f0ed07f45fcd74d:0xf3cd3216813f51d5,
Edinburgh of the Seven Seas,,https://www.google.com/maps/place/Edinburgh+of+the+Seven+Seas/data=!4m2!3m1!1s0x25a3c659f35a4a5:0x376a1929f517aea9,
Nationalpark Tsingy de Bemaraha,,https://www.google.com/maps/place/Nationalpark+Tsingy+de+Bemaraha/data=!4m2!3m1!1s0x1f57f15d184db2dd:0xe23b9ce45982462b,
Fès,,https://www.google.com/maps/place/F%C3%A8s/data=!4m2!3m1!1s0xd9f8b484d445777:0x10e6aaaeedd802ef,
Jigme-Dorji-Nationalpark,,https://www.google.com/maps/place/Jigme-Dorji-Nationalpark/data=!4m2!3m1!1s0x39e1c9900117784f:0xf0abcd98ee76fa67,
Goldener Fels,,https://www.google.com/maps/place/Goldener+Fels/data=!4m2!3m1!1s0x30c30a774afb2ae1:0xe3bbe018e15e96fa,
Bandung,,https://www.google.com/maps/place/Bandung/data=!4m2!3m1!1s0x2e68e6398252477f:0x146a1f93d3e815b2,
Jakarta,,https://www.google.com/maps/place/Jakarta/data=!4m2!3m1!1s0x2e69f3e945e34b9d:0x5371bf0fdad786a2,
Singapur,,https://www.google.com/maps/place/Singapur/data=!4m2!3m1!1s0x31da1767b42b8ec9:0x400f7acaedaa420,
Neu-Delhi,,https://www.google.com/maps/place/Neu-Delhi/data=!4m2!3m1!1s0x390cfd5b347eb62d:0x52c2b7494e204dce,
Moskau,,https://www.google.com/maps/place/Moskau/data=!4m2!3m1!1s0x46b54afc73d4b0c9:0x3d44d6cc5757cf4c,
Shenzhen,,https://www.google.com/maps/place/Shenzhen/data=!4m2!3m1!1s0x3403f408d0e15291:0xfdee550db79280c9,
Hanoi,,https://www.google.com/maps/place/Hanoi/data=!4m2!3m1!1s0x3135ab9bd9861ca1:0xe7887f7b72ca17a9,
Shanghai,,https://www.google.com/maps/place/Shanghai/data=!4m2!3m1!1s0x35b27040b1f53c33:0x295129423c364a1,
Labyrinth Dreiländereck,,https://www.google.com/maps/place/Labyrinth+Dreil%C3%A4ndereck/data=!4m2!3m1!1s0x47c090a62b2f4d5d:0xdf7e0dae3f65e6a3,
Les Trois Bornes,,https://www.google.com/maps/place/Les+Trois+Bornes/data=!4m2!3m1!1s0x47c09a0b6cc83bef:0xca601f8cd66c6826,
Casita Mexicana,,https://www.google.com/maps/place/Casita+Mexicana/data=!4m2!3m1!1s0x47bf244f2a01dc5b:0xe320beef12f5c52c,
Flakes Corner,,https://www.google.com/maps/place/Flakes+Corner/data=!4m2!3m1!1s0x47bf2446faf9100f:0x4d1fbefd42458a7c,
485Grad Neapolitanische Pizza & Wein,,https://www.google.com/maps/place/485Grad+Neapolitanische+Pizza+%26+Wein/data=!4m2!3m1!1s0x47bf24461690374d:0x6ffbf11a6691026f,
Theaterakademie Köln,,https://www.google.com/maps/place/Theaterakademie+K%C3%B6ln/data=!4m2!3m1!1s0x47bf24510caf4b1b:0x8d7a504d9376a260,
Sion Sommerkino,,https://www.google.com/maps/place/Sion+Sommerkino/data=!4m2!3m1!1s0x47bf253980414f25:0xd8b9e549504c23ed,
Llanwrtyd Wells,,https://www.google.com/maps/place/Llanwrtyd+Wells/data=!4m2!3m1!1s0x486fb7363d29dc23:0xada01b32f07f88df,
Varberg,,https://www.google.com/maps/place/Varberg/data=!4m2!3m1!1s0x465029e864525f1d:0x4019078290e7b80,
Hateruma,,https://www.google.com/maps/place/Hateruma/data=!4m2!3m1!1s0x3460f59a6821d727:0x66804664c89e4212,
Main Tower,,https://www.google.com/maps/place/Main+Tower/data=!4m2!3m1!1s0x47bd0eac7a19bf27:0xe9432f6e53bd0bdf,
Eigg Pier,,https://www.google.com/maps/place/Eigg+Pier/data=!4m2!3m1!1s0x488c0ea12406791b:0x119014da44e7ac73,
Tristan da Cunha,,https://www.google.com/maps/place/Tristan+da+Cunha/data=!4m2!3m1!1s0x25a3b1a1af6dc9b:0x69ee2d95dc98aedb,
Darjeeling Himalayan Railway,,https://www.google.com/maps/place/Darjeeling+Himalayan+Railway/data=!4m2!3m1!1s0x39e439fe9f5653a7:0x2eb420c598db5426,
石硤尾山,,https://www.google.com/maps/place/%E7%9F%B3%E7%A1%A4%E5%B0%BE%E5%B1%B1/data=!4m2!3m1!1s0x340400caaf2ab1b3:0xd5400774a9afe73d,
"Sangeetha Vegetarian Restaurant, Hong Kong",,"https://www.google.com/maps/place/Sangeetha+Vegetarian+Restaurant,+Hong+Kong/data=!4m2!3m1!1s0x340400f1d566affd:0x3e9ce669b005642c",
Jumbo Kingdom,,https://www.google.com/maps/place/Jumbo+Kingdom/data=!4m2!3m1!1s0x3404001de5270c55:0x556b2dafdc2dac3d,
Sun Yat Sen Memorial Park,,https://www.google.com/maps/place/Sun+Yat+Sen+Memorial+Park/data=!4m2!3m1!1s0x3404007fc3352301:0x35d42f86dcda02ae,
Victoria Peak,,https://www.google.com/maps/place/Victoria+Peak/data=!4m2!3m1!1s0x3403ff89dfbeddb1:0x2e318b3c62d99338,
The Peak Neighbourhood,,https://www.google.com/maps/place/The+Peak+Neighbourhood/data=!4m2!3m1!1s0x340400740e2b189b:0x41a4bf30d3a9d94a,
Hong Kong Museum of History,,https://www.google.com/maps/place/Hong+Kong+Museum+of+History/data=!4m2!3m1!1s0x340400ef324094cd:0x8246fa46504f6922,
Kaltenberg Arena,,https://www.google.com/maps/place/Kaltenberg+Arena/data=!4m2!3m1!1s0x479c266a9bc78ccf:0x13796b183a718c8c,
Kinmata,,https://www.google.com/maps/place/Kinmata/data=!4m2!3m1!1s0x60010896a1af827f:0x663bcdb2b3a28bd1,
Hiiragi-ya,,https://www.google.com/maps/place/Hiiragi-ya/data=!4m2!3m1!1s0x6001062a8f33fab5:0x5e7d2fcf3fed5cd3,
Kōdai-ji,,https://www.google.com/maps/place/K%C5%8Ddai-ji/data=!4m2!3m1!1s0x600108dacf7b4db9:0x24512a795f6cc880,
Pan Pizza Station,,https://www.google.com/maps/place/Pan+Pizza+Station/data=!4m2!3m1!1s0x47ba4ca0d58efdfb:0xb28b3b132861dc9b,
Umemura,,https://www.google.com/maps/place/Umemura/data=!4m2!3m1!1s0x60010892d14e185b:0x8c032e87c75144b5,
See Im Berg,,https://www.google.com/maps/place/See+Im+Berg/data=!4m2!3m1!1s0x47bbbdbe46397a6d:0x7dac6b817eee8733,
Sandwichdealer,,https://www.google.com/maps/place/Sandwichdealer/data=!4m2!3m1!1s0x47ba4b5ba510844f:0x2b5650af308ada9,
Island,,https://www.google.com/maps/place/Island/data=!4m2!3m1!1s0x48d22b52a3eb6043:0x6f8a0434e5c1459a,
Angora - Orientalische Küche,,https://www.google.com/maps/place/Angora+-+Orientalische+K%C3%BCche/data=!4m2!3m1!1s0x47ba4cbd768feaa9:0x1bff27a0ac2fe6ac,
Hyotei,,https://www.google.com/maps/place/Hyotei/data=!4m2!3m1!1s0x600108e06cac9fc3:0x90837211da4c85dc,
Fundación Festa da Istoria,,https://www.google.com/maps/place/Fundaci%C3%B3n+Festa+da+Istoria/data=!4m2!3m1!1s0xd2f8aca7c5d16ed:0x14e0288aad8e604d,
